{
    "Matoc": {
        "Smax": 121.31491917888037,
        "k": 0.618354632902011
    },
    "Pocco": {
        "Smax": 140.59785970878661,
        "k": 0.5564306772467562
    }
}