Variable,VIF
const,89.36509546996483
ndvi,1.0794803222722935
P_mm,1.9622071467437865
Tmed_c,1.9339233234125495
