Variable,VIF
const,83.0037429604804
ndvi,1.038733663847716
P_mm,1.8600591323328535
Tmed_c,1.859733044838783
