Variable,Shapiro_W,p_value
Residuos,0.9877931210341003,0.29308162600275717
