Variable,Shapiro_W,p_value
Residuos,0.9888704818563276,0.36830814815383117
