,Q_matoc,Q_pocco,P_matoc,P_pocco
Q_matoc,1.0,0.9738999339360832,0.7288380180621753,0.7005866718557701
Q_pocco,0.9738999339360832,1.0,0.8110883816137048,0.7932083518461752
P_matoc,0.7288380180621753,0.8110883816137048,1.0,0.9658513675735592
P_pocco,0.7005866718557701,0.7932083518461752,0.9658513675735592,1.0
